"ID","HeightIN"
1,72.7678307048773
2,69.4529338697382
3,69.7014208514092
4,69.3678558617145
5,70.5535017163262
6,69.7649666259592
7,70.5530228291369
8,69.0254482196792
9,69.4878575931359
10,69.2947330688756
